<?xml version="1.0" encoding="UTF-8"?>
<project-private xmlns="http://www.netbeans.org/ns/project-private/1">
    <editor-bookmarks xmlns="http://www.netbeans.org/ns/editor-bookmarks/2" lastBookmarkId="0"/>
    <open-files xmlns="http://www.netbeans.org/ns/projectui-open-files/2">
        <group>
            <file>file:/C:/Users/rusty/Downloads/cs631/projectInfo/CS631Project/CS631Project/src/my/payroll/PayRollUI.java</file>
            <file>file:/C:/Users/rusty/Downloads/cs631/projectInfo/CS631Project/CS631Project/src/cs631project/DatabaseClass.java</file>
            <file>file:/C:/Users/rusty/Downloads/cs631/projectInfo/CS631Project/CS631Project/src/cs631project/PayRoll.java</file>
        </group>
    </open-files>
</project-private>
